{
	"parent":"item/handheld_rod",
	"textures":{"layer0":"item/carrot_on_a_stick"},
	"overrides":
	[
		{"predicate":{"custom_model_data":1},"model":"item/white_dye"},
		{"predicate":{"custom_model_data":2},"model":"item/beetroot_soup"},
		{"predicate":{"custom_model_data":3},"model":"item/bone_meal"},
		{"predicate":{"custom_model_data":4},"model":"item/bone"},
		{"predicate":{"custom_model_data":5},"model":"item/cyan_dye"},
		{"predicate":{"custom_model_data":6},"model":"item/light_gray_dye"},
		{"predicate":{"custom_model_data":7},"model":"item/light_blue_dye"},
		{"predicate":{"custom_model_data":8},"model":"item/blue_dye"},
		{"predicate":{"custom_model_data":9},"model":"item/salmon"},
		{"predicate":{"custom_model_data":10},"model":"item/stick"},
		{"predicate":{"custom_model_data":11},"model":"item/red_dye"},
		{"predicate":{"custom_model_data":12},"model":"item/gold_ingot"},
		{"predicate":{"custom_model_data":13},"model":"item/pumpkin_seeds"},
		{"predicate":{"custom_model_data":14},"model":"item/gold_nugget"},
		{"predicate":{"custom_model_data":15},"model":"item/wheat_seeds"},
		{"predicate":{"custom_model_data":16},"model":"item/flint"},
		{"predicate":{"custom_model_data":17},"model":"item/gray_dye"},
		{"predicate":{"custom_model_data":18},"model":"item/iron_nugget"},
		{"predicate":{"custom_model_data":19},"model":"item/spider_eye"},
		{"predicate":{"custom_model_data":20},"model":"item/string"},
		{"predicate":{"custom_model_data":21},"model":"item/fermented_spider_eye"},
		{"predicate":{"custom_model_data":22},"model":"item/iron_ingot"},
		{"predicate":{"custom_model_data":23},"model":"item/nether_wart"},
		{"predicate":{"custom_model_data":24},"model":"item/scute"},
		{"predicate":{"custom_model_data":25},"model":"item/magma_cream"},
		{"predicate":{"custom_model_data":26},"model":"item/pumpkin_pie"},
		{"predicate":{"custom_model_data":27},"model":"item/book"},
		{"predicate":{"custom_model_data":28},"model":"item/wheat"},
		{"predicate":{"custom_model_data":29},"model":"item/mutton"},
		{"predicate":{"custom_model_data":30},"model":"item/emerald"},
		{"predicate":{"custom_model_data":31},"model":"item/rabbit_foot"},
		{"predicate":{"custom_model_data":32},"model":"item/nether_star"},
		{"predicate":{"custom_model_data":33},"model":"item/magenta_dye"},
		{"predicate":{"custom_model_data":34},"model":"item/netherite_scrap"},
		{"predicate":{"custom_model_data":35},"model":"item/dried_kelp"},
		{"predicate":{"custom_model_data":36},"model":"item/rotten_flesh"},
		{"predicate":{"custom_model_data":37},"model":"item/ghast_tear"},
		{"predicate":{"custom_model_data":38},"model":"item/nautilus_shell"},
		{"predicate":{"custom_model_data":39},"model":"item/amethyst_shard"},
		{"predicate":{"custom_model_data":40},"model":"item/chorus_fruit"},
		{"predicate":{"custom_model_data":41},"model":"item/raw_iron"},
		{"predicate":{"custom_model_data":42},"model":"item/raw_copper"},
		{"predicate":{"custom_model_data":43},"model":"item/kelp"},
		{"predicate":{"custom_model_data":44},"model":"item/gunpowder"},
		{"predicate":{"custom_model_data":45},"model":"item/iron_nugget"},
		{"predicate":{"custom_model_data":101},"model":"item/blaze_rod"},
		{"predicate":{"custom_model_data":102},"model":"item/brown_dye"},
		{"predicate":{"custom_model_data":103},"model":"item/beetroot"},
		{"predicate":{"custom_model_data":104},"model":"item/brick"},
		{"predicate":{"custom_model_data":105},"model":"item/cooked_mutton"},
		{"predicate":{"custom_model_data":106},"model":"item/nether_brick"},
		{"predicate":{"custom_model_data":107},"model":"item/switch_on"},
		{"predicate":{"custom_model_data":108},"model":"item/switch_off"},
		{"predicate":{"custom_model_data":110},"model":"item/head/undyne"},
		{"predicate":{"custom_model_data":111},"model":"item/head/undyne_armor"},
		{"predicate":{"custom_model_data":112},"model":"item/button_leave"},
		{"predicate":{"custom_model_data":113},"model":"item/button_maze"},
		{"predicate":{"custom_model_data":246},"model":"item/chaos_buster_empty"},
		{"predicate":{"custom_model_data":247},"model":"item/chaos_buster_1"},
		{"predicate":{"custom_model_data":248},"model":"item/chaos_buster_2"},
		{"predicate":{"custom_model_data":249},"model":"item/chaos_buster_3"},
		{"predicate":{"custom_model_data":250},"model":"item/chaos_buster_open"},
		{"predicate":{"custom_model_data":251},"model":"item/chaos_buster_open1"},
		{"predicate":{"custom_model_data":252},"model":"item/chaos_buster_open2"},
		{"predicate":{"custom_model_data":253},"model":"item/chaos_buster_open3"},
		{"predicate":{"custom_model_data":256},"model":"item/trident"},
		{"predicate":{"custom_model_data":257},"model":"item/metta_soul_hand"},
		{"predicate":{"custom_model_data":259},"model":"item/popped_chorus_fruit"},
		{"predicate":{"custom_model_data":260},"model":"item/raw_iron"},
		{"predicate":{"custom_model_data":261},"model":"item/raw_iron_hide"},
		{"predicate":{"custom_model_data":300},"model":"item/beetroot"},
		{"predicate":{"custom_model_data":301},"model":"item/beetroot_seeds"},
		{"predicate":{"custom_model_data":302},"model":"item/golden_apple"},
		{"predicate":{"custom_model_data":303},"model":"item/raw_gold"},
		{"predicate":{"custom_model_data":401},"model":"item/head/sans"},
		{"predicate":{"custom_model_data":402},"model":"item/head/papyrus"},
		{"predicate":{"custom_model_data":403},"model":"item/head/undyne"},
		{"predicate":{"custom_model_data":404},"model":"item/head/frisk"},
		{"predicate":{"custom_model_data":405},"model":"item/head/flowey"},
		{"predicate":{"custom_model_data":406},"model":"item/head/mettaton"},
		{"predicate":{"custom_model_data":407},"model":"item/head/muffet"},
		{"predicate":{"custom_model_data":408},"model":"item/head/chara"},
		{"predicate":{"custom_model_data":409},"model":"item/head/toriel"},
		{"predicate":{"custom_model_data":410},"model":"item/head/asgore"},
		{"predicate":{"custom_model_data":411},"model":"item/head/asriel"},
		{"predicate":{"custom_model_data":412},"model":"item/head/tobyfox"},
		{"predicate":{"custom_model_data":413},"model":"item/head/alphys"},
		{"predicate":{"custom_model_data":414},"model":"item/head/napstablook"},
		{"predicate":{"custom_model_data":415},"model":"item/head/maddummy"},
		{"predicate":{"custom_model_data":416},"model":"item/head/mettatonex"},
		{"predicate":{"custom_model_data":646},"model":"item/layer21"},
		{"predicate":{"custom_model_data":647},"model":"item/layer22"},
		{"predicate":{"custom_model_data":648},"model":"item/layer23"},
		{"predicate":{"custom_model_data":666},"model":"item/layer0"},
		{"predicate":{"custom_model_data":667},"model":"item/nether_brick"},
		{"predicate":{"custom_model_data":999},"model":"item/empty"},
		{"predicate":{"custom_model_data":1000},"model":"item/melon_seeds"},
		{"predicate":{"custom_model_data":1001},"model":"item/glowstone_dust"},
		{"predicate":{"custom_model_data":1002},"model":"item/lapis_lazuli"},
		{"predicate":{"custom_model_data":1003},"model":"item/blaze_powder"},
		{"predicate":{"custom_model_data":1004},"model":"item/clay_ball"},
		{"predicate":{"custom_model_data":1005},"model":"item/orange_dye"},
		{"predicate":{"custom_model_data":1006},"model":"item/black_dye"},
		{"predicate":{"custom_model_data":1007},"model":"item/slime_ball"},
		{"predicate":{"custom_model_data":1008},"model":"item/leather"},
		{"predicate":{"custom_model_data":1010},"model":"item/cannedsoul0"},
		{"predicate":{"custom_model_data":1011},"model":"item/cannedsoul1"},
		{"predicate":{"custom_model_data":1012},"model":"item/cannedsoul2"},
		{"predicate":{"custom_model_data":1013},"model":"item/cannedsoul3"},
		{"predicate":{"custom_model_data":1014},"model":"item/cannedsoul4"},
		{"predicate":{"custom_model_data":1015},"model":"item/cannedsoul5"},
		{"predicate":{"custom_model_data":1016},"model":"item/cannedsoul6"},
		{"predicate":{"custom_model_data":1017},"model":"item/cannedsoul7"},
		{"predicate":{"custom_model_data":1018},"model":"item/cannedsoul8"},
		{"predicate":{"custom_model_data":9043},"model":"item/sea_pickle"},
		{"predicate":{"custom_model_data":9257},"model":"item/metta_soul_hand_buffed"}
	],
	"display": {
		"ground": {
			"scale": [0, 0, 0]
		}
	}
}