{
	"credit": "Made with Blockbench",
	"ambientocclusion": false,
	"textures": {
		"0": "skin/asgore",
		"1": "move/crown",
		"1_1": "skin/asgore_extra"
	},
	"elements": [
		{
			"from": [6.5, 12.5, 3],
			"to": [9.5, 14.5, 5],
			"faces": {
				"north": {"uv": [0, 0, 3, 2], "texture": "#1"},
				"east": {"uv": [0, 0, 2, 2], "texture": "#1"},
				"south": {"uv": [0, 0, 3, 2], "texture": "#1"},
				"west": {"uv": [0, 0, 2, 2], "texture": "#1"},
				"up": {"uv": [0, 0, 3, 2], "texture": "#1"},
				"down": {"uv": [0, 0, 3, 2], "texture": "#1"}
			}
		},
		{
			"from": [4, 9.51, 4],
			"to": [6, 13.51, 6],
			"faces": {
				"north": {"uv": [0, 0, 2, 4], "texture": "#1"},
				"east": {"uv": [0, 0, 2, 4], "texture": "#1"},
				"south": {"uv": [0, 0, 2, 4], "texture": "#1"},
				"west": {"uv": [0, 0, 2, 4], "texture": "#1"},
				"up": {"uv": [0, 0, 2, 2], "texture": "#1"},
				"down": {"uv": [0, 14, 2, 16], "texture": "#1"}
			}
		},
		{
			"from": [4, 13.51, 4],
			"to": [5, 14.51, 6],
			"faces": {
				"north": {"uv": [0, 0, 1, 1], "texture": "#1"},
				"east": {"uv": [0, 0, 2, 1], "texture": "#1"},
				"south": {"uv": [0, 0, 1, 1], "texture": "#1"},
				"west": {"uv": [0, 0, 2, 1], "texture": "#1"},
				"up": {"uv": [0, 0, 1, 2], "texture": "#1"},
				"down": {"uv": [0, 0, 1, 2], "texture": "#1"}
			}
		},
		{
			"from": [11, 13.51, 4],
			"to": [12, 14.51, 6],
			"faces": {
				"north": {"uv": [0, 0, 1, 1], "texture": "#1"},
				"east": {"uv": [0, 0, 2, 1], "texture": "#1"},
				"south": {"uv": [0, 0, 1, 1], "texture": "#1"},
				"west": {"uv": [0, 0, 2, 1], "texture": "#1"},
				"up": {"uv": [0, 0, 1, 2], "texture": "#1"},
				"down": {"uv": [0, 0, 1, 2], "texture": "#1"}
			}
		},
		{
			"from": [7, 14.5, 3],
			"to": [9, 16.5, 5],
			"faces": {
				"north": {"uv": [0, 0, 2, 2], "texture": "#1"},
				"east": {"uv": [0, 0, 2, 2], "texture": "#1"},
				"south": {"uv": [0, 0, 2, 2], "texture": "#1"},
				"west": {"uv": [0, 0, 2, 2], "texture": "#1"},
				"up": {"uv": [0, 0, 2, 2], "texture": "#1"},
				"down": {"uv": [0, 0, 2, 2], "texture": "#1"}
			}
		},
		{
			"from": [10, 9.51, 4],
			"to": [12, 13.51, 6],
			"faces": {
				"north": {"uv": [0, 0, 2, 4], "texture": "#1"},
				"east": {"uv": [0, 0, 2, 4], "texture": "#1"},
				"south": {"uv": [0, 0, 2, 4], "texture": "#1"},
				"west": {"uv": [0, 0, 2, 4], "texture": "#1"},
				"up": {"uv": [0, 0, 2, 2], "texture": "#1"},
				"down": {"uv": [0, 14, 2, 16], "texture": "#1"}
			}
		},
		{
			"from": [10, 9.51, 10],
			"to": [12, 11.51, 12],
			"faces": {
				"north": {"uv": [0, 0, 2, 2], "texture": "#1"},
				"east": {"uv": [0, 0, 2, 2], "texture": "#1"},
				"south": {"uv": [0, 0, 2, 2], "texture": "#1"},
				"west": {"uv": [0, 0, 2, 2], "texture": "#1"},
				"up": {"uv": [0, 0, 2, 2], "texture": "#1"},
				"down": {"uv": [0, 14, 2, 16], "texture": "#1"}
			}
		},
		{
			"from": [4, 9.51, 10],
			"to": [6, 11.51, 12],
			"faces": {
				"north": {"uv": [0, 0, 2, 2], "texture": "#1"},
				"east": {"uv": [0, 0, 2, 2], "texture": "#1"},
				"south": {"uv": [0, 0, 2, 2], "texture": "#1"},
				"west": {"uv": [0, 0, 2, 2], "texture": "#1"},
				"up": {"uv": [0, 0, 2, 2], "texture": "#1"},
				"down": {"uv": [0, 14, 2, 16], "texture": "#1"}
			}
		},
		{
			"from": [3, 9.5, 5],
			"to": [5, 11.5, 11],
			"faces": {
				"north": {"uv": [0, 0, 2, 2], "texture": "#1"},
				"east": {"uv": [0, 0, 6, 2], "texture": "#1"},
				"south": {"uv": [0, 0, 2, 2], "texture": "#1"},
				"west": {"uv": [0, 12, 6, 14], "texture": "#1"},
				"up": {"uv": [0, 0, 2, 6], "texture": "#1"},
				"down": {"uv": [6, 14, 12, 16], "rotation": 90, "texture": "#1"}
			}
		},
		{
			"from": [11, 9.5, 5],
			"to": [13, 11.5, 11],
			"faces": {
				"north": {"uv": [0, 0, 2, 2], "texture": "#1"},
				"east": {"uv": [0, 0, 6, 2], "texture": "#1"},
				"south": {"uv": [0, 0, 2, 2], "texture": "#1"},
				"west": {"uv": [0, 12, 6, 14], "texture": "#1"},
				"up": {"uv": [0, 0, 2, 6], "texture": "#1"},
				"down": {"uv": [5, 14, 11, 16], "rotation": 90, "texture": "#1"}
			}
		},
		{
			"from": [5, 9.5, 11],
			"to": [11, 11.5, 13],
			"faces": {
				"north": {"uv": [0, 0, 6, 2], "texture": "#1"},
				"east": {"uv": [0, 0, 2, 2], "texture": "#1"},
				"south": {"uv": [0, 0, 6, 2], "texture": "#1"},
				"west": {"uv": [0, 12, 2, 14], "texture": "#1"},
				"up": {"uv": [0, 0, 6, 2], "texture": "#1"},
				"down": {"uv": [10, 13, 16, 15], "texture": "#1"}
			}
		},
		{
			"from": [5, 9.5, 3],
			"to": [11, 12.5, 5],
			"faces": {
				"north": {"uv": [10, 5, 16, 8], "texture": "#1"},
				"east": {"uv": [0, 0, 2, 3], "texture": "#1"},
				"south": {"uv": [0, 0, 6, 3], "texture": "#1"},
				"west": {"uv": [0, 12, 2, 15], "texture": "#1"},
				"up": {"uv": [0, 0, 6, 2], "texture": "#1"},
				"down": {"uv": [8, 14, 14, 16], "texture": "#1"}
			}
		},
		{
			"from": [3.75, -0.25, 3.75],
			"to": [12.25, 8.25, 12.25],
			"faces": {
				"north": {"uv": [10, 2, 12, 4], "texture": "#0"},
				"east": {"uv": [8, 2, 10, 4], "texture": "#0"},
				"south": {"uv": [14, 2, 16, 4], "texture": "#0"},
				"west": {"uv": [12, 2, 14, 4], "texture": "#0"},
				"up": {"uv": [12, 2, 10, 0], "texture": "#0"},
				"down": {"uv": [12, 0, 14, 2], "texture": "#0"}
			}
		},
		{
			"from": [4, 0, 4],
			"to": [12, 8, 12],
			"faces": {
				"north": {"uv": [2, 2, 4, 4], "texture": "#0"},
				"east": {"uv": [0, 2, 2, 4], "texture": "#0"},
				"south": {"uv": [6, 2, 8, 4], "texture": "#0"},
				"west": {"uv": [4, 2, 6, 4], "texture": "#0"},
				"up": {"uv": [4, 2, 2, 0], "texture": "#0"},
				"down": {"uv": [4, 0, 6, 2], "texture": "#0"}
			}
		},
		{
			"from": [3.75, -0.25, 6],
			"to": [4.75, 4.75, 10],
			"rotation": {"angle": -22.5, "axis": "z", "origin": [4.75, 4.75, 8]},
			"faces": {
				"north": {"uv": [3, 0, 4, 5], "texture": "#1_1"},
				"east": {"uv": [0, 0, 4, 5], "texture": "#1_1"},
				"south": {"uv": [0, 0, 1, 5], "texture": "#1_1"},
				"west": {"uv": [4, 0, 0, 5], "texture": "#1_1"},
				"up": {"uv": [0, 0, 1, 4], "texture": "#1_1"},
				"down": {"uv": [0, 0, 1, 4], "texture": "#1_1"}
			}
		},
		{
			"from": [11.25, -0.25, 6],
			"to": [12.25, 4.75, 10],
			"rotation": {"angle": 22.5, "axis": "z", "origin": [11.25, 4.75, 8]},
			"faces": {
				"north": {"uv": [3, 0, 4, 5], "texture": "#1_1"},
				"east": {"uv": [0, 0, 4, 5], "texture": "#1_1"},
				"south": {"uv": [0, 0, 1, 5], "texture": "#1_1"},
				"west": {"uv": [4, 0, 0, 5], "texture": "#1_1"},
				"up": {"uv": [0, 0, 1, 4], "texture": "#1_1"},
				"down": {"uv": [0, 0, 1, 4], "texture": "#1_1"}
			}
		},
		{
			"from": [3.5, 5.5, 7],
			"to": [5.5, 7.5, 12],
			"rotation": {"angle": -22.5, "axis": "y", "origin": [3.75, 7.25, 7]},
			"faces": {
				"north": {"uv": [7, 11, 9, 13], "texture": "#1_1"},
				"east": {"uv": [9, 11, 14, 13], "texture": "#1_1"},
				"south": {"uv": [14, 11, 16, 13], "texture": "#1_1"},
				"west": {"uv": [9, 11, 14, 13], "texture": "#1_1"},
				"up": {"uv": [9, 11, 14, 13], "rotation": 90, "texture": "#1_1"},
				"down": {"uv": [9, 11, 14, 13], "rotation": 90, "texture": "#1_1"}
			}
		},
		{
			"from": [10.5, 5.5, 7],
			"to": [12.5, 7.5, 12],
			"rotation": {"angle": 22.5, "axis": "y", "origin": [12.25, 7.25, 7]},
			"faces": {
				"north": {"uv": [9, 11, 7, 13], "texture": "#1_1"},
				"east": {"uv": [14, 11, 9, 13], "texture": "#1_1"},
				"south": {"uv": [16, 11, 14, 13], "texture": "#1_1"},
				"west": {"uv": [14, 11, 9, 13], "texture": "#1_1"},
				"up": {"uv": [9, 13, 14, 11], "rotation": 90, "texture": "#1_1"},
				"down": {"uv": [9, 13, 14, 11], "rotation": 90, "texture": "#1_1"}
			}
		}
	],
	"display": {
		"thirdperson_righthand": {
			"rotation": [45, 45, 0],
			"translation": [0, 3, 0],
			"scale": [0.5, 0.5, 0.5]
		},
		"thirdperson_lefthand": {
			"rotation": [45, 45, 0],
			"translation": [0, 3, 0],
			"scale": [0.5, 0.5, 0.5]
		},
		"firstperson_righthand": {
			"translation": [0, 6, 1.25],
			"scale": [0.6, 0.6, 0.6]
		},
		"firstperson_lefthand": {
			"translation": [0, 6, 1.25],
			"scale": [0.6, 0.6, 0.6]
		},
		"ground": {
			"translation": [0, 3, 0],
			"scale": [0.5, 0.5, 0.5]
		},
		"gui": {
			"rotation": [30, -135, 0],
			"translation": [0, 3, 0]
		},
		"head": {
			"translation": [0, 8.7, 0],
			"scale": [1.9, 1.9, 1.9]
		},
		"fixed": {
			"translation": [0, 4, 0]
		}
	},
	"groups": [
		{
			"name": "emerald",
			"origin": [8, 8, 8],
			"color": 0,
			"children": [0, 1, 2, 3, 4, 5, 6, 7, 8, 9, 10, 11]
		},
		{
			"name": "asgore",
			"origin": [8, 8, 8],
			"color": 0,
			"children": [
				{
					"name": "pufferfish",
					"origin": [8, 8, 8],
					"color": 0,
					"children": [12, 13]
				}, 14, 15, 16, 17]
		}
	]
}