{
	"credit": "Made with Blockbench",
	"textures": {
		"0": "gb_bone",
		"1": "gb_eye",
		"particle": "gb_bone"
	},
	"elements": [
		{
			"from": [3, -1, 6],
			"to": [13, 2, 12],
			"faces": {
				"north": {"uv": [8, 13, 0, 16], "texture": "#0"},
				"east": {"uv": [7, 7, 13, 10], "texture": "#0"},
				"west": {"uv": [7, 7, 13, 10], "texture": "#0"},
				"up": {"uv": [0, 6, 8, 0], "texture": "#0"}
			}
		},
		{
			"from": [5.5, -1, 2.5],
			"to": [12.5, 2, 9.5],
			"rotation": {"angle": -45, "axis": "y", "origin": [8, 8.5, 5]},
			"faces": {
				"north": {"uv": [8, 7, 15, 10], "texture": "#0"},
				"east": {"uv": [0, 0, 7, 3], "texture": "#0"},
				"south": {"uv": [0, 0, 7, 3], "texture": "#0"},
				"west": {"uv": [6, 7, 13, 10], "texture": "#0"},
				"up": {"uv": [0, 0, 7, 7], "texture": "#0"}
			}
		},
		{
			"from": [3, 1.99, 9],
			"to": [13, 5.99, 13],
			"faces": {
				"north": {"uv": [9, 0, 0, 4], "texture": "#0"},
				"east": {"uv": [4, 0, 0, 4], "texture": "#0"},
				"south": {"uv": [9, 0, 0, 4], "texture": "#0"},
				"west": {"uv": [4, 0, 0, 4], "texture": "#0"},
				"up": {"uv": [0, 4, 9, 0], "texture": "#0"},
				"down": {"uv": [0, 4, 9, 0], "texture": "#0"}
			}
		},
		{
			"from": [5, 2, 6],
			"to": [11, 5, 12],
			"rotation": {"angle": -45, "axis": "y", "origin": [8, 7.5, 9]},
			"faces": {
				"north": {"uv": [1, 0, 7, 3], "texture": "#1"},
				"west": {"uv": [0, 0, 6, 3], "texture": "#1"}
			}
		},
		{
			"from": [5.5, 0, 12],
			"to": [10.5, 4, 16],
			"rotation": {"angle": -22.5, "axis": "x", "origin": [8, 3, 7]},
			"faces": {
				"north": {"uv": [0, 5, 5, 9], "texture": "#0"},
				"east": {"uv": [5, 5, 9, 9], "texture": "#0"},
				"south": {"uv": [5, 5, 10, 9], "texture": "#0"},
				"west": {"uv": [5, 5, 9, 9], "texture": "#0"},
				"up": {"uv": [0, 0, 5, 4], "texture": "#0"},
				"down": {"uv": [0, 8, 5, 12], "texture": "#0"}
			}
		},
		{
			"from": [0.5, 2, 8],
			"to": [3.5, 5, 12],
			"rotation": {"angle": -22.5, "axis": "x", "origin": [8, 8, 8]},
			"faces": {
				"north": {"uv": [8, 6, 5, 9], "texture": "#0"},
				"east": {"uv": [4, 0, 0, 3], "texture": "#0"},
				"south": {"uv": [4, 6, 1, 9], "texture": "#0"},
				"west": {"uv": [8, 6, 4, 9], "texture": "#0"},
				"up": {"uv": [0, 4, 3, 0], "texture": "#0"},
				"down": {"uv": [0, 13, 3, 9], "texture": "#0"}
			}
		},
		{
			"from": [12.5, 2, 8],
			"to": [15.5, 5, 12],
			"rotation": {"angle": -22.5, "axis": "x", "origin": [8, 8, 8]},
			"faces": {
				"north": {"uv": [8, 6, 5, 9], "texture": "#0"},
				"east": {"uv": [9, 6, 5, 9], "texture": "#0"},
				"south": {"uv": [7, 6, 4, 9], "texture": "#0"},
				"west": {"uv": [4, 0, 0, 3], "texture": "#0"},
				"up": {"uv": [0, 4, 3, 0], "texture": "#0"},
				"down": {"uv": [0, 13, 3, 9], "texture": "#0"}
			}
		},
		{
			"from": [0.5, 2, 12],
			"to": [2.5, 4, 15],
			"rotation": {"angle": -22.5, "axis": "x", "origin": [8, 8, 8]},
			"faces": {
				"north": {"uv": [6, 7, 4, 9], "texture": "#0"},
				"east": {"uv": [7, 7, 4, 9], "texture": "#0"},
				"south": {"uv": [6, 7, 4, 9], "texture": "#0"},
				"west": {"uv": [7, 7, 4, 9], "texture": "#0"},
				"up": {"uv": [0, 3, 2, 0], "texture": "#0"},
				"down": {"uv": [0, 12, 2, 9], "texture": "#0"}
			}
		},
		{
			"from": [13.5, 2, 12],
			"to": [15.5, 4, 15],
			"rotation": {"angle": -22.5, "axis": "x", "origin": [8, 8, 8]},
			"faces": {
				"north": {"uv": [2, 7, 0, 9], "texture": "#0"},
				"east": {"uv": [7, 7, 4, 9], "texture": "#0"},
				"south": {"uv": [2, 7, 0, 9], "texture": "#0"},
				"west": {"uv": [7, 7, 4, 9], "texture": "#0"},
				"up": {"uv": [0, 3, 2, 0], "texture": "#0"},
				"down": {"uv": [0, 13, 2, 10], "texture": "#0"}
			}
		},
		{
			"from": [12.01, -1, 11.5],
			"to": [13.01, 2, 12.5],
			"faces": {
				"north": {"uv": [1, 0, 0, 3], "texture": "#0"},
				"east": {"uv": [1, 0, 0, 3], "texture": "#0"},
				"south": {"uv": [12, 6, 11, 9], "texture": "#0"},
				"west": {"uv": [1, 0, 0, 3], "texture": "#0"},
				"up": {"uv": [0, 1, 1, 0], "texture": "#0"},
				"down": {"uv": [0, 1, 1, 0], "texture": "#0"}
			}
		},
		{
			"from": [2.99, -1, 11.5],
			"to": [3.99, 2, 12.5],
			"faces": {
				"north": {"uv": [1, 0, 0, 3], "texture": "#0"},
				"east": {"uv": [1, 0, 0, 3], "texture": "#0"},
				"south": {"uv": [1, 0, 0, 3], "texture": "#0"},
				"west": {"uv": [1, 0, 0, 3], "texture": "#0"},
				"up": {"uv": [0, 1, 1, 0], "texture": "#0"},
				"down": {"uv": [0, 1, 1, 0], "texture": "#0"}
			}
		},
		{
			"from": [6.5, 1, 0],
			"to": [9.5, 5, 5],
			"rotation": {"angle": -22.5, "axis": "x", "origin": [8, 3, 7]},
			"faces": {
				"north": {"uv": [5, 5, 8, 9], "texture": "#0"},
				"east": {"uv": [10, 5, 5, 9], "texture": "#0"},
				"south": {"uv": [2, 0, 0, 4], "texture": "#0"},
				"west": {"uv": [9, 5, 4, 9], "texture": "#0"},
				"up": {"uv": [0, 5, 2, 0], "texture": "#0"},
				"down": {"uv": [0, 5, 2, 0], "texture": "#0"}
			}
		},
		{
			"from": [4.5, 5, 6],
			"to": [11.5, 7, 13],
			"rotation": {"angle": -45, "axis": "y", "origin": [8, 8, 9.5]},
			"faces": {
				"north": {"uv": [5, 7, 12, 9], "texture": "#0"},
				"east": {"uv": [5, 7, 12, 9], "texture": "#0"},
				"south": {"uv": [5, 7, 12, 9], "texture": "#0"},
				"west": {"uv": [5, 7, 12, 9], "texture": "#0"},
				"up": {"uv": [0, 0, 7, 7], "rotation": 90, "texture": "#0"},
				"down": {"uv": [0, 0, 7, 7], "rotation": 270, "texture": "#0"}
			}
		},
		{
			"from": [6.5, 2, 5],
			"to": [9.5, 6, 18],
			"rotation": {"angle": -22.5, "axis": "x", "origin": [8, 3, 7]},
			"faces": {
				"north": {"uv": [0, 0, 3, 4], "texture": "#0"},
				"east": {"uv": [12, 0, 0, 3], "texture": "#0"},
				"south": {"uv": [0, 0, 3, 4], "texture": "#0"},
				"west": {"uv": [12, 0, 0, 3], "texture": "#0"},
				"up": {"uv": [0, 0, 3, 13], "texture": "#0"},
				"down": {"uv": [0, 0, 3, 13], "texture": "#0"}
			}
		},
		{
			"from": [3, -3, -3],
			"to": [4, -1, 5],
			"rotation": {"angle": -45, "axis": "x", "origin": [8, 8, 8]},
			"faces": {
				"north": {"uv": [1, 0, 0, 2], "texture": "#0"},
				"south": {"uv": [1, 0, 0, 2], "texture": "#0"},
				"west": {"uv": [14, 11, 6, 13], "texture": "#0"},
				"up": {"uv": [15, 8, 16, 0], "texture": "#0"},
				"down": {"uv": [0, 8, 1, 0], "texture": "#0"}
			}
		},
		{
			"from": [3.5, -4, -7],
			"to": [4.5, -2, 0],
			"rotation": {"angle": -45, "axis": "x", "origin": [8, 8, 8]},
			"faces": {
				"north": {"uv": [1, 0, 0, 2], "texture": "#0"},
				"east": {"uv": [16, 11, 9, 13], "texture": "#0"},
				"south": {"uv": [1, 0, 0, 2], "texture": "#0"},
				"west": {"uv": [12, 11, 5, 13], "texture": "#0"},
				"up": {"uv": [15, 8, 16, 1], "texture": "#0"},
				"down": {"uv": [0, 7, 1, 0], "texture": "#0"}
			}
		},
		{
			"from": [12, -3, -3],
			"to": [13, -1, 5],
			"rotation": {"angle": -45, "axis": "x", "origin": [8, 8, 8]},
			"faces": {
				"north": {"uv": [1, 0, 0, 2], "texture": "#0"},
				"east": {"uv": [15, 11, 7, 13], "texture": "#0"},
				"south": {"uv": [1, 0, 0, 2], "texture": "#0"},
				"up": {"uv": [15, 8, 16, 0], "texture": "#0"},
				"down": {"uv": [0, 8, 1, 0], "texture": "#0"}
			}
		},
		{
			"from": [11.5, -4, -7],
			"to": [12.5, -2, -1],
			"rotation": {"angle": -45, "axis": "x", "origin": [8, 8, 8]},
			"faces": {
				"north": {"uv": [1, 0, 0, 2], "texture": "#0"},
				"east": {"uv": [15, 11, 9, 13], "texture": "#0"},
				"south": {"uv": [1, 0, 0, 2], "texture": "#0"},
				"west": {"uv": [12, 11, 6, 13], "texture": "#0"},
				"up": {"uv": [15, 8, 16, 2], "texture": "#0"},
				"down": {"uv": [0, 6, 1, 0], "texture": "#0"}
			}
		}
	],
	"display": {
		"thirdperson_righthand": {
			"translation": [0, 7, 0]
		},
		"thirdperson_lefthand": {
			"translation": [0, 7, 0]
		},
		"firstperson_righthand": {
			"translation": [0, 9, 2.5],
			"scale": [0.8, 0.8, 0.8]
		},
		"firstperson_lefthand": {
			"translation": [0, 9, 2.5],
			"scale": [0.8, 0.8, 0.8]
		},
		"ground": {
			"translation": [0, 9.5, 0]
		},
		"gui": {
			"rotation": [17, 150, 0],
			"translation": [-1, 4, 0],
			"scale": [0.9, 0.9, 0.9]
		},
		"head": {
			"translation": [0, 24.5, -5],
			"scale": [3, 3, 3]
		},
		"fixed": {
			"rotation": [0, 90, 0],
			"translation": [0, 5.5, 0]
		}
	},
	"groups": [
		{
			"name": "GB",
			"origin": [8, 8, 8],
			"children": [0, 1, 2, 3, 4, 5, 6, 7, 8, 9, 10, 11, 12, 13,
				{
					"name": "group",
					"origin": [8, -2, 8],
					"children": [14, 15]
				},
				{
					"name": "group",
					"origin": [8, -2, 8],
					"children": [16, 17]
				}
			]
		}
	]
}