{
	"credit": "Made with Blockbench",
	"parent": "item/head/basic",
	"textures": {
		"0": "skin/maddummy",
		"2": "skin/maddummy_extra",
		"particle": "skin/maddummy_extra"
	},
	"elements": [
		{
			"name": "Hat",
			"from": [3.75, -0.25, 3.75],
			"to": [12.25, 8.25, 12.25],
			"faces": {
				"north": {"uv": [10, 2, 12, 4], "texture": "#0"},
				"east": {"uv": [8, 2, 10, 4], "texture": "#0"},
				"south": {"uv": [14, 2, 16, 4], "texture": "#0"},
				"west": {"uv": [12, 2, 14, 4], "texture": "#0"},
				"up": {"uv": [12, 2, 10, 0], "texture": "#0"},
				"down": {"uv": [14, 0, 12, 2], "texture": "#0"}
			}
		},
		{
			"name": "Head",
			"from": [4, 0, 4],
			"to": [12, 8, 12],
			"faces": {
				"north": {"uv": [2, 2, 4, 4], "texture": "#0"},
				"east": {"uv": [0, 2, 2, 4], "texture": "#0"},
				"south": {"uv": [6, 2, 8, 4], "texture": "#0"},
				"west": {"uv": [4, 2, 6, 4], "texture": "#0"},
				"up": {"uv": [4, 2, 2, 0], "texture": "#0"},
				"down": {"uv": [6, 0, 4, 2], "texture": "#0"}
			}
		},
		{
			"from": [5, 0, 0],
			"to": [11, 3, 4],
			"rotation": {"angle": 0, "axis": "x", "origin": [8, 0, 4]},
			"faces": {
				"north": {"uv": [10, 12, 16, 15], "texture": "#2"},
				"east": {"uv": [6, 12, 10, 15], "texture": "#2"},
				"south": {"uv": [0, 0, 6, 4], "texture": "#2"},
				"west": {"uv": [0, 12, 4, 15], "texture": "#2"},
				"up": {"uv": [10, 0, 16, 4], "texture": "#2"},
				"down": {"uv": [5, 6, 11, 10], "texture": "#2"}
			}
		},
		{
			"from": [5, -1, 0],
			"to": [11, 0, 4],
			"faces": {
				"north": {"uv": [10, 15, 16, 16], "texture": "#2"},
				"east": {"uv": [6, 15, 10, 16], "texture": "#2"},
				"west": {"uv": [0, 15, 4, 16], "texture": "#2"},
				"up": {"uv": [10, 0, 16, 4], "texture": "#2"}
			}
		}
	],
	"display": {
		"thirdperson_righthand": {
			"rotation": [45, 45, 0],
			"translation": [0, 3, 0],
			"scale": [0.5, 0.5, 0.5]
		},
		"thirdperson_lefthand": {
			"rotation": [45, 45, 0],
			"translation": [0, 3, 0],
			"scale": [0.5, 0.5, 0.5]
		},
		"ground": {
			"translation": [0, 3, 0],
			"scale": [0.5, 0.5, 0.5]
		},
		"gui": {
			"rotation": [30, -135, 0],
			"translation": [0, 3, 0]
		},
		"head": {
			"translation": [0, 8.7, 0],
			"scale": [1.9, 1.9, 1.9]
		},
		"fixed": {
			"translation": [0, 4, 0]
		}
	},
	"groups": [
		{
			"name": "basic",
			"origin": [8, 8, 8],
			"color": 0,
			"children": [0, 1, 2, 3]
		}
	]
}